01-01 Arleen, Arlen, Arlene, Arlette, Pablo, Paul, Saul
02-01 Abel, Abelard, Abella, Abner, Marsten, Marston, Raven
03-01 Gaynor, Geneva, Genevieve, Guenna, Jenifer, Jenna, Jennie, Jennifer, Jenny
04-01 Angel, Angela, Angelica, Angelina, Angeline, Angelique, Angelo, Angie, Dangelo, Deangelo, Lewis, Lou, Louie, Louis, Luis
05-01 Ladarius, Ladd, Laird, Lamont, Lane, Tania, Tanya, Tatiana, Tatyana, Tawni, Tawnya, Tia, Tiana, Tianna, Tonya
06-01 Howell, Hoyle, Cheyanne, Cheyenne, Kahlil, Khalil, Melchior, Rowan, Talullah, Tiffani, Tiffanie, Tiffany
07-01 Alda, Aldea, Alden, Aldo, Aldric, Canute, Knut, Knute, Millard, Miller
08-01 Alvis, Elvis, Severin, Severina, Severne
09-01 Belinda, Linda, Lindy, Malinda, Melina, Melinda, Minda, Mindee, Mindie, Mindy, Olinda
10-01 Bethany, Darby, Derby, Dermot, Kermit, Kermore, Rhett
11-01 Annora, Honey, Honora, Honoria, Chaya, Nora
12-01 Alain, Alaina, Alan, Alana, Alanna, Alayna, Allan, Allen, Allena, Lana, Lanna
13-01 Ivette, Veronica, Vonnie, Vonny, Yvette, Yvonne
14-01 Alair, Felice, Felicia, Felicity, Felix, Hilary, Hillary, Hillery
15-01 Deidre, Deirdre, Deja, Marten, Martin, Marty
16-01 Aaliyah, Aleah, Aliyah, Paine, Payne, Phillis, Phyllis, Pilar, Priscilla.
17-01 Anthony, Antoine, Antoinette, Anton, Antonia, Antonio, Antony, Antwan, Ben, Benita, Benito, Benjamin, Bennie, Benny, Toni, Tony
18-01 Faustina, Faustine, Fraser, Fraze
19-01 Bob, Bobbi, Bobbie, Bobby, Robbie, Robert, Roberta, Roberto, Robin, Robinson, Robyn
20-01 Fabia, Fabian, Fabiola, Sebastian, Sebastiana
21-01 Agnes, Ethan, Inez, Mayer, Maynard, Ynez
22-01 Enoch, Piper, Vicenta, Vicente, Vince, Vincent, Vincentia, Vincenzo, Vinnie
23-01 Emerald, Esmeralda, Rae, Rachael, Rachel, Rachelle, Ramon, Ramona, Raquel, Ray, Raymond, Raymundo
24-01 Oral, Orel, Tim, Timmy, Timon, Timothy, Vera, Verena
25-01 Amari, Amarion, Amir, Amira, Gwayne, Hakon, Hawk, Jamari, Prince, Princess
26-01 Aubrey, Conan, Coner, Conner, Connor, Conor, Gonzalo, Paola, Paula, Paulette, Paulina, Pauline
27-01 Buck, Buckley, Floyd, Keith, Lloyd, Logan
28-01 Carlotta, Charleen, Charlene, Charlotta, Charlotte, Charmaine, Manfred
29-01 Gilda, Goldie, Ophrah, Oprah, Sheldon, Shelley, Shelly, Shelton
30-01 Franklin, Franklyn, Freeman, Fremont, Marteena, Martina, Martine
31-01 Cyrus, Kira, Kyra, Lona, Loni, Lonnie, Scarlett, Zane
01-02 Birgit, Birgitta, Bret, Brett, Bridget, Bridgette, Brigitte, Brita, Britney, Britt, Brittani, Brittany, Brittney, Brytanni, Clark, Clarke, Langdon, Langston
02-02 Aleta, Aletha, Alethea, Alida, Alita, Lita
03-02 Ansgar, Barclay, Baxter, Blaise, Blase, Blasia, Blaze, Norma, Norman, Norris
04-02 Byron, Gilbert, Gilberta, Gilberto, Gilmer
05-02 Agatha, Chanel, Chanelle, Chantel, Phoenix, Shantel
06-02 Amanda, Dolly, Dora, Doreen, Dorothea, Dorothy, Dorthy, Dottie, Manda, Mandi, Mandy, Ron, Rona, Ronald, Ronalda, Ronaldo, Ronnie, Titus
07-02 Beau, Beaumont, Beverly, Bo, Boe, Jace, Jacey, Sinclair
08-02 Beula, Beulah, Clay, Clayton, Cleve, Cleveland, Clive, Clyde
09-02 Apollo, Apollonia, Carson, Dalton
10-02 Amber, Amelinda, Colt, Colten, Colton, Duran, Durand, Durante, Kolton, Meredith
11-02 Adolfo, Adolph, Adolpha, Alva, Alvarita, Alvaro, Lourdes
12-02 Abra, Abraham, Abram, Bram, Darwin, Ibrahim
13-02 Darcie, Darcy, Kia, Kiana, Kianna
14-02 Lovell, Lowell, Valentin, Valentina, Valentine, Valiant
15-02 Georgette, Georgia, Georgina, Jovan, Jovita, Siegfried, Sigrid, Sue, Susan, Susana, Susanna, Susie, Suzanne
16-02 Cliff, Clifford, Clifton, Jeremiah, Jeremy, Sonnie, Sonny, Sunny
17-02 Jordan, Jordana, Jordanne, Jorden, Jordon, Jordyn, Leroy, Reggie, Reginald, Regis, Rex, Rexanna, Rexford, Rexine, Roy, Royce
18-02 Bentley, Blythe, Flavia, Flavian
19-02 Conrad, Conradine, Cortez, Curt, Curtis, Konrad, Kurt, Kurtis
20-02 Aimee, Alaric, Alarica, Alarice, Ami, Amy, Amya, Cyd, Cydney, Desmond, Sid, Sidney, Sydnee, Sydney, Ulric
21-02 Dallin, Doug, Douglas, Duff
22-02 Bella, Belle, George, Georgio, Isabel, Isabela, Isabella, Isabelle, Izabella, Jorge, Miracle
23-02 Boswell, Gloria, Gloriana, Glory, Reilley, Riley, Rylan, Rylee, Ryleigh, Ryley, Rylie
24-02 Maddison, Madison, Madisyn, Madyson, Mateo, Mathew, Mathias, Matt, Mattea, Matthew, Mattias, Mattie, Matty, Modesto
25-02 Artema, Artemis, Welden, Weldon
26-02 Levi, Nestor, Savana, Savanna, Savannah
27-02 Houston, Leander, Leandra, Leandro, Leland
28-02 Chance, Chauncey, Linus, Macey, Macie, Macy
29-02 NoName
01-03 Dina, Dinah, Glen, Glenda, Glenn, Glenna, Chapman, Seth
02-03 Absalom, Aksel, Axel, Chad, Chadwick
03-03 Alasdair, Alastair, Alec, Alejandra, Alejandro, Alex, Alexa, Alexander, Alexandra, Alexandria, Alexia, Alexis, Alexus, Ali, Alondra, Dale, Darnell, Lex, Lexi, Lexie, Lexus, Sandra, Sandy, Sasha, Xander, Zander
04-03 Casimir, Humbert, Humberto, Kasimir, Kasimira, Placida, Placidia
05-03 Ciara, Ciera, Cierra, Keira, Keren, Keri, Kerri, Kerrie, Kerry, Kiara, Kiera, Kieran, Kierra, Sierra
06-03 Carlton, Colette, Collette, Charlton
07-03 Davon, Devan, Deven, Devin, Devon, Devonta, Devonte, Devyn, Dewey, Lothar, Luther
08-03 Humfrey, Humphrey, Ponty
09-03 Keely, Kelda, Kelley, Kelli, Kellie, Kelly
10-03 Les, Lesley, Leslie, Lesly, Lester
11-03 Alberta, Albertina, Angus, Connie, Constance, Constantine, Consuela, Consuelo, Elberta, Ramiro
12-03 Graig, Grayson, Greg, Gregoria, Gregory, Greorgio, Orion
13-03 Rod, Rodd, Roderica, Roderick, Rodney, Rodrigo, Rory, Solomon
14-03 Adalbert, Albert, Alberto, Dalbert, Delbert, Elbert, Mathilda, Matilda, Maude, Tilda
15-03 Eloise, Lois, Louella, Louisa, Louise, Luella, Luisa, Lulu
16-03 Bailee, Bailey, Baylee, Bayley, Melisa, Melissa, Melita, Melyta, Millicent, Millie, Missy
17-03 Paden, Pat, Patrice, Patricia, Patrick, Patsy, Patti, Patty, Trish, Trisha
18-03 Cyril, Cyrilla, Grover, Salvador, Salvatore, Sibyl, Sybil, Sybilla
19-03 Donahue, Donavan, Donovan, Dorian, Joe, Joey, Jose, Josef, Joseph, Wyatt
20-03 Dillan, Dillion, Dillon, Drew, Dru, Dylan, Dylon
21-03 Arvin, Arwin, Bendix, Benedict, Benedicta, Bennett
22-03 Lea, Leah, Lee, Leigh, Leighton, Parker
23-03 Calhoun, Drake, Paloma, Pam, Pamela
24-03 Gabe, Gabriel, Gabriela, Gabriella, Gabrielle, Gigi
25-03 Allegra, Chiquita, Teena, Tina, Tiny
26-03 Dudley, Geomar, Hunt, Hunter, Huntley, Xiomar, Xiomara
27-03 Acher, Archibald, Archie, Monte, Montgomery, Monty
28-03 Gwen, Gwenda, Gwendolyn, Gwyn, Gwynn, Gwynne
29-03 Berthold, Fletcher, Pearl, Pearle, Pearlie, Pearline, Perla
30-03 Adin, Adon, Adonia, Adonis, Amada, Amadea, Amadeus
31-03 Ames, Amos, Bambi, Thurston
01-04 April, Arden, Argus, Aries, Diamond, Paris
02-04 Ebba, Eboni, Ebony, Gardenia, Gardner, Garnet, Garnett
03-04 Dick, Dickson, Dix, Dixie, Dixon, Doris, Ricarda, Ricardo, Rick, Rickey, Ricky, Rich, Richard, Richelle, Richman, Rosamond, Rosamund, Ryan
04-04 Cedric, Cedrica, Plato, Tiernan, Tierney
05-04 Ethelburga, Chandra, Irene, Irina, Tyler, Tylor
06-04 Celesta, Celeste, Celestina, Celestine, Tyra
07-04 Armand, Armanda, Armando, Armin, Armon, Erma, Herman, Herminia, Hermione, Irma
08-04 Gillian, Jill, Jillian, Jolyon, Julia, Julian, Juliana, Julianna, Julianne, Julie, Julien, Juliet, Juliette, Julio, Julissa, Julius
09-04 Cortney, Courtney, Kortney, Kourtney
10-04 Caley, Callie, Cayla, Cayley, Ezechiel, Ezekiel, Ezequiel, Torey, Tori, Torrance, Torrence, Torrey, Tory
11-04 Alger, Algernon, Ari, Ariel, Arielle, Arion, Leo, Leon, Leona, Leonel, Leontine, Lionel
12-04 Destin, Destinee, Destiny, Dulce, Walker
13-04 Thom, Thomas, Thomasina, Thompson, Tom, Tomas, Tommie, Tommy, Twain
14-04 Caradoc, Carey, Cary, Hudson
15-04 Kenya, Octavia, Tavia, Tucker
16-04 Kareem, Magnus, Malvin, Malvina, Melva, Melvin, Melvina
17-04 Harding, Hardy, Holden, Raleigh
18-04 Anthea, Ayana, Ayanna, Warner, Werner
19-04 Garett, Garey, Garret, Garrett, Garvey, Garvin, Gary, Gerald, Geraldine, Geri, Gerry, Jared, Jarod, Jarred, Jarrett, Jarrod, Jerald, Jeri, Jerod, Jerri, Jerrod, Jerry
20-04 Ramsey, Rosco, Roscoe, Ross
21-04 Ansel, Ansell, Anselma, Selma, Zelma
22-04 Caia, Caissa, Kai, Kaila, Kailey, Kaleigh, Kaley, Kay, Kayla, Kaylee, Kayleigh, Kayley, Kaylie, Kaylin, Kaylyn, Leonidas, Makayla, Mckayla
23-04 Brayan, Breana, Breanna, Breanne, Brian, Briana, Brianna, Brianne, Brielle, Brien, Briona, Bryan, Bryana, Bryanna, Bryant, Brynn, Bryon, Shirlee, Shirleen, Shirley
24-04 Fidel, Fidelia, Marques, Marquez, Marquis, Marquise, Wilfred, Wilfredo
25-04 Marc, Marcel, Marcella, Marcia, Marcila, Marco, Marcos, Marcus, Marcy, Maricela, Mario, Marisol, Mark, Markus, Marsha
26-04 Clarence, DeMarco, Demarcus, Demario
27-04 Laverne, Sam, Samantha, Samara, Sami, Sammy, Samuel, Samuela, Ulises, Ulysses, Vern, Verna, Verne, Vernon, Zita
28-04 Valeria, Valerian, Valerie, Valery
29-04 Duke, Hewett, Huey, Hugh, Hughes, Hugo, Hutch, Keegan, Kegan
30-04 Miles, Milo, Myles, Ryder
01-05 Mae, May, Patience, Sigmund, Sigmunda
02-05 Bing, Zoe, Zoey, Zolita
03-05 Joletta, Trey, Troy, Viola, Violet, Violetta, Yolanda
04-05 Mona, Monica, Monika, Monique, Monita, Web, Webb, Webster
05-05 Jodi, Jodie, Jody, Judie, Judith, Judy, Terrell, Tyrell, Tyrese, Tyron, Tyrone, Tyrrell, Tyson
06-05 Morna, Mya, Myah, Myrna, Orson, Prudence
07-05 Ahern, Cooper, Dexter, Gisela, Gisella, Giselle, Gisselle, Hearne, Herne, Heron
08-05 Acacia, Ace, Hal, Harold, Harriet, Harris, Harrison, Harry, Hattie
09-05 Casandra, Cassandra, Grizelda, Kasandra, Kassandra, Zelda
10-05 Cormac, Cormick, Gordon, Job, Jobina, Joby, Max, Maximilian, Maximus, Maxine, Maxwell
11-05 Asa, Ervin, Erwin, Irvin, Irving, Irwing, Marlo, Marlon, Marlow, Marvin, Merle, Merlin, Mervin
12-05 Achilla, Achilles, Grady, Grant, Kelby, Kellen
13-05 Imani, Imelda, Imogene, Payton, Peyton
14-05 Asher, Ashlee, Ashleigh, Ashley, Ashlie, Ashlyn, Ashlynn, Ashton, Berk, Berkeley, Bourke, Burgess, Burke
15-05 Sofia, Sonia, Sonya, Sophia, Sophie, Ward, Wardell
16-05 Brand, Branden, Brandi, Brandon, Brandy, Brannon, Brant, Brenda, Brendan, Brenden, Brendon, Brenna, Brennan, Brent, Brenton
17-05 Pascal, Pascual, Pascha, Turner
18-05 Aric, Eric, Erica, Erick, Ericka, Erich, Erik, Erika, Perry
19-05 Dumont, Duncan, Dunstan, Indigo, Ivar, Ives, Wright, Yves
20-05 Bernadette, Bernardina, Bernardine, Bernetta, Bernita
21-05 Adelric, Adiel, Audric, Keaton, Kendrick
22-05 Jolee, Joleen, Jolene, Jolie, Marshall
23-05 Allard, Desirae, Desire, Desiree
24-05 Chelsea, Chelsey, Chelsie, Landen, Landon
25-05 Madalyn, Madeleine, Madeline, Madelyn, Madilyn, Marlee, Marleen, Marlena, Marlene, Marley
26-05 Felipe, Flip, Phil, Philip, Philippa, Phillip
27-05 Broderick, Brodie, Brody, Isador, Isadora, Isadore, Isidro
28-05 Bevan, Bevis, Emil, Emiliano, Emilio, Faron, Ferrin, Ferron
29-05 Duana, Duane, Duanna, Dwayne, Fitz, Fitzerald
30-05 Fawn, Ferdinand, Ferdinanda, Ferdinando, Fern, Fernanda, Fernando, Joan, Joani, Joann, Joanna, Joanne, Johanna
31-05 Camila, Camilla, Camille, Petra, Petronella, Pier
01-06 Brigham, June, Junella, Marilee, Marilou, Marilu, Marilyn, Marylynn
02-06 Elma, Elmer, Elmo, Elmore, Erasmo
03-06 Clotilda, Chloe, Keven, Kevin, Kevina, Kevon
04-06 Cora, Coral, Coretta, Corey, Cori, Corina, Corine, Corinne, Corrigan, Corrin, Cory, Homer, Korey, Kori, Korin, Korrigan, Kory
05-06 Boniface, Sancho, Santino, Santos
06-06 Dante, Delaney, Donte, Norbert, Norberta, Norberto
07-06 Keenan, Melody, Nidia, Nydia, Nylene, Whitney
08-06 Cain, Caine, Calliope, Genesis, Jewel, Kane, Kanye, Kayne, Opal
09-06 Cole, Coleman, Colman, Dean, Deana, Deanna, Dee, Dena, Diana, Diane, Dianna, Dianne, Dyane, Prima, Primavera
10-06 Daisy, Greta, Gretchen, Madge, Maggie, Margaret, Margarita, Margot, Marguerite, Marjorie, Meagan, Meg, Megan, Meghan, Peggy, Rita
11-06 Barnabas, Barnaby, Barnett, Barney, Barret
12-06 Ahmad, Ahmed, Aisha, Asia, Mohamed, Mohammad, Mohammed
13-06 Ivey, Ivy, Lara, Larissa
14-06 Basil, Basilia, Jaren, Jaron, Jarron, Vasily
15-06 Alice, Alicia, Alisa, Alisha, Alison, Alissa, Allie, Allison, Allyson, Alyce, Alyse, Alysha, Alysia, Alyson, Alyssa, Germain, Germaine, German, Jermaine, Vidal, Vito
16-06 Aurel, Aurelia, Aurelio, Aurelius, Aurora, Dawn, Oralia, Orelia
17-06 Alcine, Botolf, Harvey, Hervey, Lamar, Lemar
18-06 Effie, Efrain, Eph, Ephraim, Marina, Marnie, Nevaeh
19-06 Carisa, Carissa, Jarvis, Jervis, Karissa
20-06 Earl, Earline, Errol, Fatima, Ofelia, Omar, Omarion, Ophelia
21-06 Summer, Willard, Winston, Winton
22-06 Alban, Albin, Albion, Nereida, Nerida, Nerissa
23-06 Audra, Audrey, Dashawn, Deshawn, Elton, Ethel, Josiah, Josias, Shaina, Shania, Shaun, Shauna, Shawn, Shawna, Shayna, Shayne, Shonda
24-06 Giovanna, Giovanni, Hans, Ian, Ivan, Jan, Jana, Jean, Jeanette, Jeannette, Johan, John, Johnnie, Johnny, Juan, Juana, Juanita, Sean, Shana, Shane, Shanna, Yancy
25-06 Bill, Billie, Billy, Guillermo, Liam, Mina, Minnie, Prosper, Velma, Vilma, Wilhelmina, Will, William, Willie, Willis, Wilma, Wilson
26-06 Arley, Harlan, Harlene, Harley, Thelma
27-06 Lacey, Laci, Lacie, Lacy, Lance, Lancelot, Schuyler, Skye, Skylar, Skyle
28-06 Dara, Darla, Darleen, Darlene, Darrell, Darren, Darrin, Darryl, Daryl, Jarell, Jerrell
29-06 Emma, Emmett, Heaven, Parnell, Parnella, Pedro, Pete, Peter, Pierce, Pierre, Salomel
30-06 Jaheim, Leanna, Leanne, Lia, Liana
01-07 Aaron, Aron, Arron, Derek, Derica, Derick, Derik, Derrick, Derris, Derry, Dirk, Inga, Ingrid, Theodoric
02-07 Othello, Otis, Otto, Penelope, Penny, Petunia
03-07 Anatol, Anatola, Lindsay, Lindsey, Lyndsey
04-07 America, Calvert, Calverta, Calvin, Calvina, Kalvin
05-07 Grace, Gracie, Graciela, Shannon, Sharon
06-07 Godiva, Isaiah, Isaias, Isiah, Jamaal, Jamal, Jamel, Jamil, Pallas, Shea, Shyanne
07-07 Ralph, Randall, Randi, Randolph, Randy, Raoul, Raul, Rogelio, Roger
08-07 Aquila, Aquilina, Easton, Kilian
09-07 Averil, Avery, Junior, Misty
10-07 Emanuel, Emmanuel, Gage, Immanuel, Manuel, Manuela
11-07 Alivia, Helga, Livia, Olga, Olive, Oliver, Olivia, Ollie, Quentin, Quincy, Quinn, Quintina, Quinton
12-07 Bud, Buddy, Jason, Jay, Jayla, Jaylen, Jaylin, Jaylon, Jayson, Oscar, Osvaldo, Oswald, Oswaldo, Ozzie, Waldo
13-07 Ezra, Joel, Joelle, Mildred, Natalia, Natalie, Nataly, Natasha, Nathalie, Nathan, Nathanael, Nathania, Nathaniel, Tasha
14-07 Alton, Camden, Cameron, Camron, Camryn, Kameron, Kamryn, Ventura
15-07 Baldwin, Don, Donald, Donalda, Donna, Donnell, Donnie, Dunn, Dunne, Uriel
16-07 Carmel, Carmela, Carmelo, Carmen, Shelby, Sherman, Sherwood
17-07 Codey, Codie, Cody, Dakota, Dakotah, Ismael, Kody, Vesta
18-07 Fred, Freda, Freddie, Freddy, Frederica, Frederick, Frederico, Fredrick, Fredy
19-07 Arcenia, Arcenio, Arsenia, Arsenio, Wayne
20-07 Edna, Edwin, Edwina, Elias, Elijah, Ellice, Elliot, Elliott, Ellis, Ellison, Neal, Neala, Neil, Neila, Nelson, Niall, Nigel, Niles
21-07 Alma, Erna, Ernest, Ernestina, Ernesto, Ernie, Wesley, West, Westin, Westley, Weston
22-07 Amaya, Magda, Magdalen, Magdalena, Magdalene
23-07 Roma, Romaine, Roman, Romana, Romelia, Romeo, Romina, Seymour
24-07 Amalia, Amelia, Boris, Cristian, Cristina, Declan, Chris, Christa, Christen, Christian, Christiana, Christie, Christin, Christina, Christine, Christy, Chrysta, Kiersten, Kirsten, Kirstie, Kirstin, Krista, Kristen, Kristi, Kristian, Kristin, Kristina, Kristine, Kristy, Kristyn, Maya
25-07 Coby, Colby, Diego, Israel, Jack, Jackie, Jackson, Jaclyn, Jacob, Jacoby, Jacqueline, Jacquelyn, Jacques, Jaime, Jake, Jakob, James, Jameson, Jamie, Jaquan, Jaqueline, Jaxon, Jaxson, Jim, Jimena, Jimmie, Jimmy, Kobe, Koby, Kolby, Santiago
26-07 Ana, Anika, Anissa, Anita, Aniya, Aniyah, Ann, Anna, Anne, Annette, Annie, Annika, Annis, Annmarie, Anson, Anya, Blake, Hanna, Hannah, Nancy, Nanette, Nina
27-07 Joy, Joyce, Lila, Lilac, Liliana, Lillian, Lillie, Lilly, Lily
28-07 Lysander, Lysandra, Rhonda, Sampson, Samson
29-07 Bea, Beatrice, Beatriz, Beattie, Marta, Martha, Olaf, Serafina, Trixie
30-07 Casey, Enrica, Enrique, Etta, Everard, Everett, Hank, Hendrick, Henrietta, Henry, Kacey, Kacie, Kasey, Reece, Reese
31-07 Ignacio, Inigo, Reed, Reid
01-08 Esperanza, Faith, Faye, Hope, Charissa, Charity, Chasity, Cheri, Cherie, Cherry, Cheryl, Nadia, Nadine
02-08 Alf, Alfie, Alfonsina, Alfonso, Alford, Alfred, Alfreda, Alfredo, Alonso, Alonza, Alonzo, Alphonso, Fonzie
03-08 Lida, Liddy, Lidia, Loyal, Lydia, Lyle, Lyman
04-08 Domenic, Dominic, Dominica, Dominick, Dominique, Reuben, Ruben, Ruby
05-08 Aphra, Areta, Aretha, Naomi, Neomi, Noami, Noemi.
06-08 Adriel, Araceli, Falco, Falcon, Itzel, Lucia, Lucille, Lucine, Lucy, Luz
07-08 Claude, Claudette, Claudia, Claudine, Donata, Donato, Donica, Donzel, Gladys
08-08 Dustin, Dusty, Merrill, Meryl, Muriel, Myron, Myrta, Myrtle, Vic, Vick, Vicki, Vicky, Victor, Victoria
09-08 Felim, Ledell, Phelan, Phelps
10-08 Herb, Herbert, Herbie, Heriberto, Larry, Laura, Laurean, Laurel, Lauren, Laurence, Laurie, Lauryn, Lawrence, Lora, Loren, Lorena, Lorenzo, Loretta, Lori, Lorraine
11-08 Laila, Layla, Leila, Leilani, Lela, Lelia, Nayeli
12-08 Clair, Claire, Clara, Clarabel, Clare, Clarinda, Clarissa, Murdock
13-08 Rad, Radella, Radford, Radley, Wilmer
14-08 Anahi, Athena, Tamara, Tamia, Tammie, Tammy, Tara, Taryn, Terra
15-08 Madonna, Malia, Mara, Maria, Mariah, Marian, Mariana, Maribel, Marie, Marisa, Marissa, Maritza, Marla, Mary, Maryann, Mimi, Miriam, Mitzy, Molly, Napoleon, Polly
16-08 Craig, Kraig, Rock, Rocky, Roch, Rochelle, Rochester, Serena, Serenity, Serina
17-08 Hyacinth, Jacinda, Jachinth, Magnolia, Pansy
18-08 Aileen, Eileen, Elaina, Elaine, Eleanor, Elena, Eliana, Ella, Elle, Ellen, Ellie, Helen, Helena, Iliana, Lena, Leonora, Nell, Nellie, Nelly
19-08 Sade, Sadie, Salina, Sally, Sara, Sarah, Sarai, Sari, Sarina, Zarah
20-08 Barnard, Bernard, Bernardo, Filbert, Philbert, Rey, Reyna, Reynalda, Reynaldo, Reynold
21-08 Gianna, Jane, Janelle, Janessa, Janet, Janette, Janice, Janie, Janine, Janiya, Jayne, Shanice, Sheena
22-08 Hayden, Hazel, Heath, Heather, Hector
23-08 Eugene, Eugenia, Geena, Gena, Gene, Genie, Gina, Jina, River, Zaccheus
24-08 Baird, Bard, Bart, Barth, Bartholomew, Bowen, Evan, Ewan, Keon, Owen
25-08 Dorcas, Lanard, Lennie, Lenny, Leonard, Leonardo, Tabatha, Tabitha
26-08 Percival, Percy, Travis, Trevis, Trevon, Trevor
27-08 Caesar, Cesar, King, Kingsley, Lyndon, Sheri, Sherri, Sherry, Sheryl
28-08 Agustin, August, Augusta, Augustina, Austen, Austin, Austina, Austyn, Gus, Gustava, Gustavo
29-08 Candace, Candice, Poppy, Sabina, Sabra, Sabrina
30-08 Raisa, Rhoda, Rosa, Rosabelle, Rosalie, Rosalind, Rosalinda, Rose, Roseanne, Rosemary, Rosetta, Rosie
31-08 Aden, Aidan, Aiden, Ayden, Edan, Edana, Eden, Edina, Egan, Egon
01-09 Debbie, Deborah, Debra, Edgar, Edgardo, Giles, Josh, Joshua, Josue, Ruth
02-09 Brock, Brook, Brooke, Brooklyn, Brooklynn, Brooks, Cassidy, Cassie, Castor, Kassidy, Kassie
03-09 Page, Paige, Phebe, Phoebe, Phoebus
04-09 Becky, Erin, Erina, Ida, Idalia, Moe, Moises, Moses, Moss, Reba, Rebecca, Rebekah
05-09 Bert, Bertha, Bertie, Bertin, Berton, Burt, Burton, Rigoberto
06-09 Bartram, Bertram, Nasir, Veda, Yahir
07-09 Raegan, Raina, Rana, Rani, Reagan, Regan, Regina, Regine, Yale
08-09 Adria, Adrian, Adriana, Adrianna, Adrien, Adrienne, Hadria, Hadrian, Hadrien, Joachim, Joakima, Joaquin, Joaquina
09-09 Jada, Jade, Jadee, Jaden, Jadon, Jadyn, Jaiden, Jayda, Jayden, Jaydon
10-09 Anabel, Annabel, Annabella, Annabelle, Arnie, Arnold, Arnolda, Arnoldo, Pulcheria
11-09 Patriot Day
12-09 Aloise, Aloysia, Guido, Guy
13-09 Arlando, Milton, Orlando, Roland, Rolanda, Rolando, Stone, Stoney
14-09 Keisha, Lakeisha, Latasha, LaTease, Latisha, Leticia, Letitia, Letty, Tish, Tisha
15-09 Delora, Delores, Dolores, Lola, Lolita
16-09 Cornelia, Cornelius, Cornell, Edith, Nila, Nyla
17-09 Ariadne, Ariana, Arianna, Hildegard, Hildegarde, Lambert, Lambertine
18-09 Clint, Clinton, Corbin, Corwin, Corwyn, Korbin, Korvin
19-09 Monroe, Morgan, Morgann, Morganna, Morganne, Precious, Sawyer
20-09 Eustace, Eustacia, Hailee, Hailey, Haleigh, Haley, Halie, Halle, Hallie, Haylee, Hayley
21-09 Maira, Maura, Maureen, Mayra, Mira, Moira, Moreen, Morena, Myra, Norna
22-09 Druce, Drucilla, Maurice, Mauricio, Maury, Merrick, Morell, Morris, Morrison, Murray
23-09 Autumn, Linnet, Linnette, Lynette, Lynn, Lynne
24-09 Eartha, Ertha, Herta, Hertha, Mercedes, Mercy, Scot, Scott, Scottie, Scotty
25-09 Barrie, Barry, Braxton, Moriah
26-09 Newton, Renata, Renault, Rene, Renee, Renny
27-09 Cosima, Cosimo, Cosmo, Damian, Damiana, Damien, Damion, Damon
28-09 Baruch, Preston, Prior, Pryor, Wenzel
29-09 Carmichael, Mia, Micaela, Micah, Mickey, Miguel, Michael, Michaela, Micheal, Michele, Micheline, Michelle, Mikaela, Mikala, Mikayla, Mike, Mikel, Mitch, Mitchel, Mitchell
30-09 Gerome, Geromino, Jerome, Jeronima
01-10 Carter, Rea, Remi, Remington, Remus, Remy, Rhea, Rhiannon
02-10 Ackerley, Ackley, Adair, Elwood, Forest, Forester, Forrest, Foster
03-10 Erskine, Esmond, India, Kali, Kallie, Kelvin
04-10 Berenice, Bernice, Bonita, Bonnie, Bunny, Damara, Damaris, Fannie, Fanny, Frances, Francesca, Francesco, Francine, Francis, Francisco, Frank, Frankie
05-10 Chester, Cheston, Chet, Nia, Nyah
06-10 Bron, Bronson, Brown, Bruno, Burnet, Burnett
07-10 Minerva, Miranda, Sargent, Sergeant, Sergio
08-10 Demetria, Demetrio, Demetrius, Demi, Dimitri, Stewart, Stuart
09-10 Denice, Denis, Denise, Dennis, Denny, Dion, Gunnar, Gunther, Leif
10-10 Dan, Dana, Dane, Danica, Daniel, Daniela, Daniella, Danielle, Danny
11-10 Canice, Kambelyn, Ken, Kendall, Kendra, Kennedy, Kenneth, Kenny, Kent, Kenton, Kim, Kimball, Kimberley, Kimberly, Kimberlyn, Kimi, Tate, Tatum
12-10 Cristopher, Christopher, Kester, Kristofer, Kristopher
13-10 Eddie, Eddy, Eduardo, Edward, Edwardine, Ned
14-10 Calista, Dwight, Fortino, Fortuna, Glennis, Glynnis
15-10 Essence, Terence, Teresa, Terrance, Terrence, Terri, Terry, Tess, Tessa, Theresa, Trace, Tracey, Traci, Tracy
16-10 Avice, Avis, Gerar, Gerard, Gerardo, Gerrard, Hedda, Hedwig, Hedy, Heide, Heidi, Jerard, Noah, Noe
17-10 Brad, Braden, Bradford, Bradley, Brady, Braeden, Brayden, Braydon, Rodolfo, Rudi, Rudolf, Rudolph, Rudolphine, Rudy
18-10 Blaine, Blair, Blane, Luca, Lucas, Lukas, Luke, Wynn, Wynton
19-10 Cleo, Cleon, Cleopatra, Howard, Howie
20-10 Acca, Accalia, Deon, Deondre, Deonte, Hobson, Hogan
21-10 Celina, Celine, Nobel, Selena, Selina, Ursula, Wanda, Wendall, Wendell, Wendy
22-10 Cordelia, Cordell, Cordella, Delia, Delilah
23-10 Fifi, Josefina, Josepha, Josephina, Josephine, Josie, Pepita
24-10 Denver, Rafael, Rafaela, Raphael, Raphaela.
25-10 Crispin, Crispina, Denzel, Gavin, Gawen
26-10 Madden, Maddock, Maddox, Mahala, Mahalia, Makenna, Mckenna
27-10 Cale, Caleb, Feodor, Isaac, Isaak, Issac, Izaac, Kaleb, Ted, Teddy, Teodor, Theodora, Theodore
28-10 Dayanara, Eunice, Jonah, Jonas, Jude, Liberty, Simeon, Simon, Simone, Thad, Thaddea, Thaddeus
29-10 Cyrano, Cyrena, Garrison, Narcissa, Narcissus
30-10 Arilda, Xena, Xenia, Ximena, Zena, Zenas, Zenia, Zeno, Zenobia
31-10 Cruz, Flint, Flynn, Kruz, Trent, Trenton
01-11 Amabel, Hall, Halsted, Mabel, Sterling, Sumner, Zion
02-11 Boone, Mort, Morton, Tobias, Toby, Warren
03-11 Hobart, Hubert, Huberta, Malachi, Silvia, Sylvia, Winfred, Winifred, Winnie
04-11 Amory, Cara, Carl, Carla, Carley, Carlo, Carlos, Carly, Carol, Carolina, Caroline, Carolyn, Carrie, Carroll, Emery, Charles, Charlie, Chaz, Chuck, Karl, Karla, Karlee, Karli, Karly
05-11 Perdita, Swain, Swana, Tiara, Tiera, Tierra
06-11 Mac, Mack, Mackenzie, Makenzie, Mckenzie
07-11 Engelbert, Graham, Hollis, Holm, Holmes, Holt
08-11 Geoff, Geoffrey, Jeff, Jefferson, Jeffery, Jeffrey, Mercer, Montana
09-11 Orestes, Sullivan, Vaughan, Vaughn
10-11 Flora, Florence, Florian, Jocelina, Joceline, Jocelyn, Jocelyne, Jocelynn, Joselyn, Joslyn, Justice, Justin, Justina, Justine, Justus
11-11 Dallas, Chandler, Jalen, Johnathan, Johnathon, Jon, Jonatan, Jonathan, Jonathon, Jonte, Jorel, Jorrell, Lincoln
12-11 Colan, Colin, Colleen, Collin, Cullan, Cullen, Culver, Kiley, Kyla, Kyle, Kylee, Kyleigh, Kyler, Kylier
13-11 Brice, Bruce, Bryce, Bryson, Stan, Stanford, Stanley
14-11 Aphrodite, Cristal, Crystal, Chrystal, Kristal, Krystal, Venecia, Venice, Venus
15-11 Leopold, Leopolda, Leopoldo, Leopoltine, Talia, Thalia
16-11 Gertrude, Chase, Chasen, Iris, Trudy
17-11 Annalisa, Annelisa, Annelise, Hilda, Hildie, Hildy
18-11 Odelia, Odell, Odo, Sutherland, Sutton
19-11 Bessie, Beth, Betsy, Betty, Elisa, Elisabeth, Elise, Eliza, Elizabeth, Elsa, Elsie, Elyse, Elza, Lisa, Liza, Lizbeth, Lizette
20-11 Edmond, Edmonda, Edmund, Edmunda, Octavio
21-11 Cade, Cadell, Caden, Cadence, Caiden, Cayden, Kade, Kaden, Kadence, Kadin, Kadyn, Kaiden, Kayden, Kaydence, Valda, Velda
22-11 Abbey, Abbie, Abby, Abigail, Cecelia, Cecil, Cecilia, Cecily, Cecyl, Celia, Gael, Gail, Galen, Gay, Gayle, Philemon, Philo, Shayla, Sheila
23-11 Clem, Clemence, Clement, Clementina, Clementine, Crecia, Lucrecia
24-11 Zackary, Zackery, Zachariah, Zachary, Zachery
25-11 Caitlin, Caitlyn, Carina, Caryn, Catherine, Cathleen, Cathy, Kaitlin, Kaitlynn, Kara, Karen, Kari, Karina, Kate, Katelyn, Katelynn, Katharine, Katherine, Kathleen, Kathryn, Kathy, Katie, Katrina, Treena, Trina, Trinity
26-11 Mallory, Rashad, Rashawn, Yesenia and Yessenia
27-11 Farrel, Farrell, Fergus, Ferrell, Ginger, Virgil, Virgilia, Virginia
28-11 Nola, Nolan, Nolana, Norton
29-11 Dahlia, Dalia, Daphne
30-11 Anderson, Andra, Andre, Andrea, Andreas, Andres, Andrew, Andria, Andy, Dandre, Deandre
01-12 Bianca, Blanca, Blanche, Eli, Ely, Sherwin
02-12 Tayler, Taylor, Todd, Vita, Vivian, Viviana
03-12 Javier, Malcolm, Malcom, Malik, Xavier, Xaviera
04-12 Ada, Adah, Adina, Aida, Babette, Barbara, Barbie, Barbra, Osman, Osmond
05-12 Pandora, Sabas, Savas, Wallace, Wally, Walt, Walter
06-12 Claus, Ira, Nick, Nicklaus, Nickolas, Nico, Nicolas, Nicole, Nicolette, Nicholas, Nichole, Nikki, Niko, Nikolas
07-12 Ambrose, Ambrosine, Jasmin, Jasmine, Jazlyn, Jazmin, Jazmine, Yasmeen, Yasmin, Yasmine, Yazmin
08-12 Rohan, Spence, Spencer, Spenser
09-12 Delfina, Delfino, Delphina, Kirby, Kirk, Kirkwood
10-12 Emely, Emilee, Emilia, Emilie, Emily, Eula, Eulalia, Ula
11-12 Art, Arthur, Arthurine, Arturo, Javon, Jevon, Sage
12-12 Finley, Finn Fiona, Guadalupe, Lupe, Lupita, Mekhi
13-12 Cinderella, Cindy, Cynth, Cynthia
14-12 Boyd, Boyden, Byrd, Horace
15-12 Adlai, Adler, Carney, Mirella, Mireya, Tanner
16-12 Addie, Addy, Adela, Adelaide, Adele, Adeline, Adella, Adelle, Alena, Alina, Aline, Della
17-12 Eleazar, Lazar, Lazaro, Lazarus, Olympia, Orval, Orville, Storm, Stormie, Stormy, Wilbert, Wilberta, Wilbur
18-12 Griffin, Griffith, Ruff, Rufina, Rufus, Russ, Russell, Rusti, Rusty, Ty, Tyrus
19-12 Daria, Darian, Darien, Dario, Darion, Darius, Haysten
20-12 Ammon, Roxana, Roxanne, Roxie
21-12 Estella, Estelle, Ester, Esther, Star, Stella, Van, Vance, Vanesa, Vaness, Vanna
22-12 Asta, Astrid, Trista, Tristan, Tristen, Tristin, Triston
23-12 Hart, Hartman, Latoya, Wade
24-12 Adam, Adamina, Adan, Adana, Addison, Ava, Eva, Eve, Evelyn
25-12 Anastasia, Hollie, Holly, Jesus, Noel, Noelle, Stacey, Stacie, Stacy
26-12 Esteban, Estefania, Estefany, Estevan, Stefan, Stefanie, Stephan, Stephanie, Stephany, Stephen, Steve, Steven, Stevie
27-12 Adwin, Alvern, Alverna, Alvin, Alvina, Alwin, Elvin, Elvina, Elvira, Elvita, Elwin
28-12 Aspen, Caspar, Gaspar, Innocent, Jasper, Kasper, Woodrow, Woody
29-12 Dave, David, Davida, Davion, Davis, Davy, Dawson, Dayton, Jess, Jesse, Jessica, Jessie, Jessy, Vida
30-12 Ainsley, Kelsa, Kelsey, Kelsi, Kelsie, Mason
31-12 Malone, Melania, Melanie, Melany, Silas, Silvester